text,agenda
вопрос,
привет,
дело,
погода,
спасибо,
благодарить,
привет,
привет спасибо,
погода,
multytrain,
multytrain,
погода,
multytrain,
погода,
погода,
спасибо,
холодно,
дороу,
привет,
дело,
спасибо,
сделать,
сказать,
сказать,
сделать,
дело,
сделать,
сделать,
сделать,
сказать,
дело,
распознавать,
распознавать,
распознавать,
распознавать,
распознавать,
привет,
дело,
дело,
спасибо,
дело,
дело,
дело,
погода,
спасибо,
хай,
распознавать,
сказать,
сказать,
распознавать,
распознавать,
распознавать,
сказать,
узнавать,
дело,
except,
погода норма,
привет,
распознавать,
распознавать,
стоять,
стоять,
садиться,
садиться,
мис распознавать,
мис распознавать,
распознавать,
мис распознавать,
распознавать,
сказать,
садиться,
распознавать,
сказать,
распознавать,
мис распознавать,
шо,
ясно понятно,
сказать,
распознавать,
манда,
думать поставлять защита токсичный высказывание,
вопрос,
делать,
простой,
мочь парсить весь чат просто молча отвечать писать misa generator textes bot misa рандомный текст,
чат к тело пускать молчать,
сколько инф,
инф,
инф,
распознавать,
comandclean,
распознавать,
дело,
дело,
распознавать,
мис распознавать,
распознавать,
распознавать,
дело,
спасибо,
распознавать,
дело,
оно,
дело,
распознавать предмет фотка,
спасибо,
мис распознавать предмет фотка,
фпыафпфыпф,
погода,
мис распознавать,
мис привет,
привет ебаный бот,
васян нейрон обычный ифа,
заменять нейрон нужно смысл видеть,
просто индусский стиль код писать,
блять написать парсер чат отдельный бот,
someboolean true,
напарсить скармливать бот обучаться кукель комнатный,
пойти вообще дис заебывать,
парсер работать,
куклень,
чо итог сделать хуйня чат,
чо итог сделать хуйня чат,
чо итог сделать хуйня чат,
мис чо итог сделать хуйня чат,
привет,
мис привет,
мис сказать,
мис узнавать,
мис спрашивать,
мис узнавать,
мис привет,
мис дело,
ho,
мис погода,
мис дело,
дело,
мис дело,
дело,
дело,
мис дело,
мис дело,