text,emotion,emotion_id
–∫–∞–∫ –ø–æ–≥–æ–¥–∞ ?,–ù–µ–π—Ç—Ä–∞–ª—å–Ω–∞—è,6
–∫–∞–∫ –¥–µ–ª–æ ?,–ù–µ–π—Ç—Ä–∞–ª—å–Ω–∞—è,6
–∫–∞–∫ –¥–µ–ª–æ ?,–ù–µ–π—Ç—Ä–∞–ª—å–Ω–∞—è,6
–∫–∞–∫ –¥–µ–ª–æ ?,–ù–µ–π—Ç—Ä–∞–ª—å–Ω–∞—è,6
–∫–∞–∫ –∏–¥—Ç–∏ –¥–µ–ª–æ ?,–ù–µ–π—Ç—Ä–∞–ª—å–Ω–∞—è,6
–∫–∞–∫ –æ–Ω–æ ?,–ù–µ–π—Ç—Ä–∞–ª—å–Ω–∞—è,6
–∫–∞–∫ –æ–Ω–æ ?,–ù–µ–π—Ç—Ä–∞–ª—å–Ω–∞—è,6
—á—Ç–æ –∑–∞–Ω–∏–º–∞—Ç—å—Å—è ?,–ù–µ–π—Ç—Ä–∞–ª—å–Ω–∞—è,6
—á—Ç–æ –∑–∞–Ω–∏–º–∞—Ç—å—Å—è –≤–µ—Å—å —ç—Ç–æ—Ç –≤—Ä–µ–º—è ?,–ù–µ–π—Ç—Ä–∞–ª—å–Ω–∞—è,6
—á—Ç–æ –∑–∞–Ω–∏–º–∞—Ç—å—Å—è –≤–µ—Å—å —ç—Ç–æ—Ç –≤—Ä–µ–º—è ?,–ù–µ–π—Ç—Ä–∞–ª—å–Ω–∞—è,6
—á—Ç–æ —Ç–∞–∫–æ–π –æ—Å–æ–±–µ–Ω–Ω—ã–π –≤ —ç—Ç–æ—Ç –≤–æ–ø—Ä–æ—Å –∏ –æ—Ç–≤–µ—Ç ?,–ù–µ–π—Ç—Ä–∞–ª—å–Ω–∞—è,6
—á—Ç–æ –æ—Å–æ–±–µ–Ω–Ω—ã–π ?,–ù–µ–π—Ç—Ä–∞–ª—å–Ω–∞—è,6
—á—Ç–æ —Ç–∞–∫–æ–π –æ—Å–æ–±–µ–Ω–Ω—ã–π ?,–ù–µ–π—Ç—Ä–∞–ª—å–Ω–∞—è,6
oh it ‚Äô s been really great no complaints here and how ‚Äô s it going for you ?,–ù–µ–π—Ç—Ä–∞–ª—å–Ω–∞—è,6
what,–ù–µ–π—Ç—Ä–∞–ª—å–Ω–∞—è,6
which,–ù–µ–π—Ç—Ä–∞–ª—å–Ω–∞—è,6
where,–ù–µ–π—Ç—Ä–∞–ª—å–Ω–∞—è,6
when,–ù–µ–π—Ç—Ä–∞–ª—å–Ω–∞—è,6
who,–ù–µ–π—Ç—Ä–∞–ª—å–Ω–∞—è,6
why,–ù–µ–π—Ç—Ä–∞–ª—å–Ω–∞—è,6
how long,–ù–µ–π—Ç—Ä–∞–ª—å–Ω–∞—è,6
how,–ù–µ–π—Ç—Ä–∞–ª—å–Ω–∞—è,6
how much,–ù–µ–π—Ç—Ä–∞–ª—å–Ω–∞—è,6
how many,–ù–µ–π—Ç—Ä–∞–ª—å–Ω–∞—è,6
whose,–ù–µ–π—Ç—Ä–∞–ª—å–Ω–∞—è,6
whom,–ù–µ–π—Ç—Ä–∞–ª—å–Ω–∞—è,6
—á—Ç–æ   —Ç—ã —Ö–æ—Ç–µ—Ç—å –Ω–∞ —Å–≤–æ–π –¥–µ–Ω—å —Ä–æ–∂–¥–µ–Ω–∏–µ ?,–ù–µ–π—Ç—Ä–∞–ª—å–Ω–∞—è,6
–∫–∞–∫–æ–π   –∞—É–¥–∏—Ç–æ—Ä–∏—è —Ç–≤–æ–π ?,–ù–µ–π—Ç—Ä–∞–ª—å–Ω–∞—è,6
–∫—É–¥–∞   —Ç—ã –ø–ª–∞–Ω–∏—Ä–æ–≤–∞—Ç—å –ø—É—Ç–µ—à–µ—Å—Ç–≤–æ–≤–∞—Ç—å ?,–ù–µ–π—Ç—Ä–∞–ª—å–Ω–∞—è,6
–∫–æ–≥–¥–∞   –±—ã—Ç—å —Ç–≤–æ–π —ç–∫–∑–∞–º–µ–Ω ?,–ù–µ–π—Ç—Ä–∞–ª—å–Ω–∞—è,6
–∫—Ç–æ   —Å–æ–±–∏—Ä–∞—Ç—å—Å—è –Ω–∞–≤–µ—â–∞—Ç—å –ª—é—Å—è ?,–ù–µ–π—Ç—Ä–∞–ª—å–Ω–∞—è,6
–ø–æ—á–µ–º—É   —Ç—ã —Ö–æ–¥–∏—Ç—å –≤ –ø–∞—Ä–∫ –≤—á–µ—Ä–∞ ?,–ù–µ–π—Ç—Ä–∞–ª—å–Ω–∞—è,6
–∫–∞–∫ –¥–æ–ª–≥–æ   —Ç—ã –æ—Å—Ç–∞–≤–∞—Ç—å—Å—è –≤ –ª–æ–Ω–¥–æ–Ω ?,–ù–µ–π—Ç—Ä–∞–ª—å–Ω–∞—è,6
–∫–∞–∫   —Ç—ã —É–¥–∞–≤–∞—Ç—å—Å—è –ø–æ–ª—É—á–∞—Ç—å —ç—Ç–æ—Ç –¥–∏–ø–ª–æ–º ?,–ù–µ–π—Ç—Ä–∞–ª—å–Ω–∞—è,6
—Å–∫–æ–ª—å–∫–æ   —á–µ–ª–æ–≤–µ–∫   –≤ —Ç–≤–æ–π –æ—Ñ–∏—Å ?,–ù–µ–π—Ç—Ä–∞–ª—å–Ω–∞—è,6
—Å–∫–æ–ª—å–∫–æ   –¥–µ–Ω—å–≥–∏   —Ç—ã –Ω—É–∂–Ω–æ ?,–ù–µ–π—Ç—Ä–∞–ª—å–Ω–∞—è,6
—á–µ–π   —ç—Ç–æ –º–∞—à–∏–Ω–∞ ?,–ù–µ–π—Ç—Ä–∞–ª—å–Ω–∞—è,6
–∫—Ç–æ   —Ç—ã –∑–≤–æ–Ω–∏—Ç—å –ø—Ä–æ—à–ª—ã–π –Ω–æ—á—å ?,–ù–µ–π—Ç—Ä–∞–ª—å–Ω–∞—è,6
–∫—Ç–æ   –ø—Ä–∏–≤–æ–¥–∏—Ç—å   —Ç–≤–æ–π —Å–µ—Å—Ç—Ä–∞ –≤ —à–∫–æ–ª–∞ ?,–ù–µ–π—Ç—Ä–∞–ª—å–Ω–∞—è,6
—á—Ç–æ   –∑–∞—Å—Ç–∞–≤–ª—è—Ç—å   —Ç—ã —É–ª—ã–±–∞—Ç—å—Å—è ?,–ù–µ–π—Ç—Ä–∞–ª—å–Ω–∞—è,6
whom   did you call last night ?,–ù–µ–π—Ç—Ä–∞–ª—å–Ω–∞—è,6
who   brought   your sister to school ?,–ù–µ–π—Ç—Ä–∞–ª—å–Ω–∞—è,6
what   makes   you smile ?,–ù–µ–π—Ç—Ä–∞–ª—å–Ω–∞—è,6
how much   money   do you need ?,–ù–µ–π—Ç—Ä–∞–ª—å–Ω–∞—è,6
whom   did you call last night ?,–ù–µ–π—Ç—Ä–∞–ª—å–Ω–∞—è,6
why   did you go to the park yesterday ?,–ù–µ–π—Ç—Ä–∞–ª—å–Ω–∞—è,6
who   is going to visit lucy ?,–ù–µ–π—Ç—Ä–∞–ª—å–Ω–∞—è,6
when   was your exam ?,–ù–µ–π—Ç—Ä–∞–ª—å–Ω–∞—è,6
where   did you plan to travel ?,–ù–µ–π—Ç—Ä–∞–ª—å–Ω–∞—è,6
which   classroom is yours ?,–ù–µ–π—Ç—Ä–∞–ª—å–Ω–∞—è,6
what   do you want for your birthday ?,–ù–µ–π—Ç—Ä–∞–ª—å–Ω–∞—è,6
–æ—Ç–∫—É–¥–∞ –≤—ã —É–∑–Ω–∞–≤–∞—Ç—å –æ –≤–∞–∫–∞–Ω—Å–∏—è ?,–ù–µ–π—Ç—Ä–∞–ª—å–Ω–∞—è,6
—á—Ç–æ –≤—ã –∑–Ω–∞—Ç—å –æ –Ω–∞—à –∫–æ–º–ø–∞–Ω–∏—è ?,–ù–µ–π—Ç—Ä–∞–ª—å–Ω–∞—è,6
–ø–æ—á–µ–º—É –º—ã –¥–æ–ª–∂–Ω—ã–π –Ω–∞–Ω–∏–º–∞—Ç—å –∏–º–µ–Ω–Ω–æ –≤—ã ?,–ù–µ–π—Ç—Ä–∞–ª—å–Ω–∞—è,6
–∫–∞–∫–æ–π –∫–∞—á–µ—Å—Ç–≤–æ –ø–æ–º–æ–≥–∞—Ç—å –≤—ã –≤ —Ä–∞–±–æ—Ç–∞ ?,–ù–µ–π—Ç—Ä–∞–ª—å–Ω–∞—è,6
—á—Ç–æ –≤—ã —Å—á–∏—Ç–∞—Ç—å —Å–≤–æ–π —Å–ª–∞–±–æ—Å—Ç—å ?,–ù–µ–π—Ç—Ä–∞–ª—å–Ω–∞—è,6
—Ä–∞—Å—Å–∫–∞–∑—ã–≤–∞—Ç—å –æ —Ç—Ä—É–¥–Ω–æ—Å—Ç—å –∏–ª–∏ –∫–æ–Ω—Ñ–ª–∏–∫—Ç —Å –∫–æ—Ç–æ—Ä—ã–π –≤—ã —Å—Ç–∞–ª–∫–∏–≤–∞—Ç—å—Å—è –Ω–∞ —Ä–∞–±–æ—Ç–∞ –∏ –∫–∞–∫ –≤—ã —Ä–µ—à–∞—Ç—å –ø—Ä–æ–±–ª–µ–º–∞ ?,–ù–µ–π—Ç—Ä–∞–ª—å–Ω–∞—è,6
–±–æ–ª—å—à–æ–π —Å–ø–∞—Å–∏–±–æ –±–æ–ª—å—à–æ–π –ª—é–±–æ–≤—å,–ù–µ–π—Ç—Ä–∞–ª—å–Ω–∞—è,6
–ø—Ä–µ–¥—Å—Ç–∞–≤–ª—è—Ç—å –Ω–∞—Å–∫–æ–ª—å–∫–æ —ç—Ç–æ –ø–æ–º–æ–≥–∞—Ç—å,–ù–µ–π—Ç—Ä–∞–ª—å–Ω–∞—è,6
–±–ª–∞–≥–æ–¥–∞—Ä–Ω—ã–π —Å–¥–µ–ª–∞—Ç—å,–ù–µ–π—Ç—Ä–∞–ª—å–Ω–∞—è,6
—Å–µ—Ä–¥–µ—á–Ω—ã–π —Å–ø–∞—Å–∏–±–æ —Å–¥–µ–ª–∞—Ç—å,–ù–µ–π—Ç—Ä–∞–ª—å–Ω–∞—è,6
—Å–¥–µ–ª–∞—Ç—å –¥–µ–Ω—å,–ù–µ–π—Ç—Ä–∞–ª—å–Ω–∞—è,6
–æ—á–µ–Ω—å –ø—Ä–∏–∑–Ω–∞—Ç–µ–ª—å–Ω—ã–π –≤–∞—à –¥–æ–±—Ä–æ—Ç–∞,–ù–µ–π—Ç—Ä–∞–ª—å–Ω–∞—è,6
—ç—Ç–æ –∑–¥–æ—Ä–æ–≤–æ —Ç–≤–æ–π —Å—Ç–æ—Ä–æ–Ω–∞,–ù–µ–π—Ç—Ä–∞–ª—å–Ω–∞—è,6
–∑–∞–±—ã–≤–∞—Ç—å —Å–¥–µ–ª–∞—Ç—å,–ù–µ–π—Ç—Ä–∞–ª—å–Ω–∞—è,6
–º–æ—á—å –≤–æ–∑–Ω–∞–≥—Ä–∞–∂–¥–∞—Ç—å —Å–ª–µ–¥–æ–≤–∞—Ç—å –ø–æ–±–ª–∞–≥–æ–¥–∞—Ä–∏—Ç—å,–ù–µ–π—Ç—Ä–∞–ª—å–Ω–∞—è,6
–∂–∏–∑–Ω—å –ø—Ä–æ–∂–∏–≤–∞—Ç—å –±–ª–∞–≥–æ–¥–∞—Ä–Ω–æ—Å—Ç—å —Å–ø–æ–∫–æ–π—Å—Ç–≤–∏–µ —Ç–∏—Ö–∏–π —Ä–∞–¥–æ—Å—Ç—å,–ù–µ–π—Ç—Ä–∞–ª—å–Ω–∞—è,6
–ø—Ä–∏—á–∏–Ω–∞ –∫—Ä–æ–º–µ –±–ª–∞–≥–æ–¥–∞—Ä–Ω–æ—Å—Ç—å —Ä–∞–¥–æ—Å—Ç—å,–ù–µ–π—Ç—Ä–∞–ª—å–Ω–∞—è,6
–±–ª–∞–≥–æ–¥–∞—Ä–Ω–æ—Å—Ç—å ‚Äì —Å—á–∞—Å—Ç–∏–µ –ø–æ–º–Ω–æ–∂–∞—Ç—å —á—É–¥–æ,–ù–µ–π—Ç—Ä–∞–ª—å–Ω–∞—è,6
—Ä–æ—Å—Ç–æ–∫ –±–∞–º–±—É–∫ –ø–æ–º–Ω–∏—Ç—å —á–µ–ª–æ–≤–µ–∫ –∫–æ—Ç–æ—Ä—ã–π –ø–æ—Å–∞–¥–∏—Ç—å,–ù–µ–π—Ç—Ä–∞–ª—å–Ω–∞—è,6
–∂–∏—Ç—å –ø–æ–ª–Ω–æ—Ü–µ–Ω–Ω—ã–π –∂–∏–∑–Ω—å –±–ª–∞–≥–æ–¥–∞—Ä–Ω–æ—Å—Ç—å —Ä–∞–∑–º—ã—à–ª—è—Ç—å,–ù–µ–π—Ç—Ä–∞–ª—å–Ω–∞—è,6
–±–ª–∞–≥–æ–¥–∞—Ä–Ω–æ—Å—Ç—å ‚Äì —ç—Ç–æ —Å–∞–º—ã–π –∏–∑—ã—Å–∫–∞–Ω–Ω—ã–π —Ñ–æ—Ä–º–∞ –≤–µ–∂–ª–∏–≤–æ—Å—Ç—å,–ù–µ–π—Ç—Ä–∞–ª—å–Ω–∞—è,6
–±–ª–∞–≥–æ–¥–∞—Ä–Ω—ã–π —É–º ‚Äì —ç—Ç–æ –≤–µ–ª–∏–∫–∏–π —É–º –∫–æ—Ç–æ—Ä—ã–π –∫–æ–Ω–µ—á–Ω—ã–π –∏—Ç–æ–≥ –ø—Ä–∏–≤–ª–µ–∫–∞—Ç—å –≤–µ–ª–∏–∫–∏–π –¥–µ–ª–æ,–ù–µ–π—Ç—Ä–∞–ª—å–Ω–∞—è,6
–¥–æ–ª–∂–Ω—ã–π –±–ª–∞–≥–æ–¥–∞—Ä–Ω—ã–π —á–µ–ª–æ–≤–µ–∫ –∫–æ—Ç–æ—Ä—ã–π –ø—Ä–æ–±—É–∂–¥–∞—Ç—å –≤–Ω—É—Ç—Ä–µ–Ω–Ω–∏–π –¥—É—Ö,–ù–µ–π—Ç—Ä–∞–ª—å–Ω–∞—è,6
—Ä–∞–¥–æ—Å—Ç—å –¥–µ–ª–∞—Ç—å –±–ª–∞–≥–æ–¥–∞—Ä–Ω—ã–π —ç—Ç–æ –±–ª–∞–≥–æ–¥–∞—Ä–Ω–æ—Å—Ç—å –¥–µ–ª–∞—Ç—å —Ä–∞–¥–æ—Å—Ç–Ω—ã–π,–ù–µ–π—Ç—Ä–∞–ª—å–Ω–∞—è,6
–ø–∞—Å–º—É—Ä–Ω–æ –¥–æ–∂–¥—å —Ç–µ–º–ø–µ—Ä–∞—Ç—É—Ä–∞ –¥–∞–≤–ª–µ–Ω–∏–µ–≤–µ—Ç–µ—Ä —é–≥–æ–∑–∞–ø–∞–¥–Ω—ã–π,–ù–µ–π—Ç—Ä–∞–ª—å–Ω–∞—è,6
–ø–∞—Å–º—É—Ä–Ω–æ –¥–æ–∂–¥—å —Ç–µ–º–ø–µ—Ä–∞—Ç—É—Ä–∞ –¥–∞–≤–ª–µ–Ω–∏–µ–≤–µ—Ç–µ—Ä —é–∂–Ω—ã–π,–ù–µ–π—Ç—Ä–∞–ª—å–Ω–∞—è,6
–ø–∞—Å–º—É—Ä–Ω–æ –Ω–µ–±–æ–ª—å—à–æ–π –¥–æ–∂–¥—å —Ç–µ–º–ø–µ—Ä–∞—Ç—É—Ä–∞ –¥–∞–≤–ª–µ–Ω–∏–µ–≤–µ—Ç–µ—Ä —é–∂–Ω—ã–π,–ù–µ–π—Ç—Ä–∞–ª—å–Ω–∞—è,6
—è—Å–Ω–æ –æ—Å–∞–¥–∫–∏ —Ç–µ–º–ø–µ—Ä–∞—Ç—É—Ä–∞ –¥–∞–≤–ª–µ–Ω–∏–µ–≤–µ—Ç–µ—Ä —é–∂–Ω—ã–π,–ù–µ–π—Ç—Ä–∞–ª—å–Ω–∞—è,6
—è—Å–Ω–æ –æ—Å–∞–¥–∫–∏ —Ç–µ–º–ø–µ—Ä–∞—Ç—É—Ä–∞ –¥–∞–≤–ª–µ–Ω–∏–µ–≤–µ—Ç–µ—Ä —é–∂–Ω—ã–π,–ù–µ–π—Ç—Ä–∞–ª—å–Ω–∞—è,6
—è—Å–Ω–æ –æ—Å–∞–¥–∫–∏ —Ç–µ–º–ø–µ—Ä–∞—Ç—É—Ä–∞ –¥–∞–≤–ª–µ–Ω–∏–µ–≤–µ—Ç–µ—Ä –∑–∞–ø–∞–¥–Ω—ã–π,–ù–µ–π—Ç—Ä–∞–ª—å–Ω–∞—è,6
—è—Å–Ω–æ –æ—Å–∞–¥–∫–∏ —Ç–µ–º–ø–µ—Ä–∞—Ç—É—Ä–∞ –¥–∞–≤–ª–µ–Ω–∏–µ–≤–µ—Ç–µ—Ä —Å–µ–≤–µ—Ä–æ–∑–∞–ø–∞–¥–Ω—ã–π,–ù–µ–π—Ç—Ä–∞–ª—å–Ω–∞—è,6
–º–∞–ª–æ–æ–±–ª–∞—á–Ω—ã–π –æ—Å–∞–¥–∫–∏ —Ç–µ–º–ø–µ—Ä–∞—Ç—É—Ä–∞ –¥–∞–≤–ª–µ–Ω–∏–µ–≤–µ—Ç–µ—Ä —Å–µ–≤–µ—Ä–æ–∑–∞–ø–∞–¥–Ω—ã–π,–ù–µ–π—Ç—Ä–∞–ª—å–Ω–∞—è,6
–ø–∞—Å–º—É—Ä–Ω–æ –æ—Å–∞–¥–∫–∏ —Ç–µ–º–ø–µ—Ä–∞—Ç—É—Ä–∞ –¥–∞–≤–ª–µ–Ω–∏–µ–≤–µ—Ç–µ—Ä —Å–µ–≤–µ—Ä–æ–∑–∞–ø–∞–¥–Ω—ã–π,–ù–µ–π—Ç—Ä–∞–ª—å–Ω–∞—è,6
–ø–∞—Å–º—É—Ä–Ω–æ –æ—Å–∞–¥–∫–∏ —Ç–µ–º–ø–µ—Ä–∞—Ç—É—Ä–∞ –¥–∞–≤–ª–µ–Ω–∏–µ–≤–µ—Ç–µ—Ä —Å–µ–≤–µ—Ä–Ω—ã–π,–ù–µ–π—Ç—Ä–∞–ª—å–Ω–∞—è,6
–ø–∞—Å–º—É—Ä–Ω–æ –Ω–µ–±–æ–ª—å—à–æ–π –¥–æ–∂–¥—å —Ç–µ–º–ø–µ—Ä–∞—Ç—É—Ä–∞ –¥–∞–≤–ª–µ–Ω–∏–µ–≤–µ—Ç–µ—Ä —Å–µ–≤–µ—Ä–Ω—ã–π,–ù–µ–π—Ç—Ä–∞–ª—å–Ω–∞—è,6
–ø–∞—Å–º—É—Ä–Ω–æ –Ω–µ–±–æ–ª—å—à–æ–π –¥–æ–∂–¥—å —Ç–µ–º–ø–µ—Ä–∞—Ç—É—Ä–∞ –¥–∞–≤–ª–µ–Ω–∏–µ–≤–µ—Ç–µ—Ä —Å–µ–≤–µ—Ä–Ω—ã–π,–ù–µ–π—Ç—Ä–∞–ª—å–Ω–∞—è,6
–æ–±–ª–∞—á–Ω–æ –æ—Å–∞–¥–∫–∏ —Ç–µ–º–ø–µ—Ä–∞—Ç—É—Ä–∞ –¥–∞–≤–ª–µ–Ω–∏–µ–≤–µ—Ç–µ—Ä —Å–µ–≤–µ—Ä–Ω—ã–π,–ù–µ–π—Ç—Ä–∞–ª—å–Ω–∞—è,6
–ø–∞—Å–º—É—Ä–Ω–æ –æ—Å–∞–¥–∫–∏ —Ç–µ–º–ø–µ—Ä–∞—Ç—É—Ä–∞ –¥–∞–≤–ª–µ–Ω–∏–µ–≤–µ—Ç–µ—Ä —Å–µ–≤–µ—Ä–Ω—ã–π,–ù–µ–π—Ç—Ä–∞–ª—å–Ω–∞—è,6
–ø–∞—Å–º—É—Ä–Ω–æ –æ—Å–∞–¥–∫–∏ —Ç–µ–º–ø–µ—Ä–∞—Ç—É—Ä–∞ –¥–∞–≤–ª–µ–Ω–∏–µ–≤–µ—Ç–µ—Ä —Å–µ–≤–µ—Ä–Ω—ã–π,–ù–µ–π—Ç—Ä–∞–ª—å–Ω–∞—è,6
–ø–∞—Å–º—É—Ä–Ω–æ –¥–æ–∂–¥—å —Ç–µ–º–ø–µ—Ä–∞—Ç—É—Ä–∞ –¥–∞–≤–ª–µ–Ω–∏–µ–≤–µ—Ç–µ—Ä —Å–µ–≤–µ—Ä–Ω—ã–π,–ù–µ–π—Ç—Ä–∞–ª—å–Ω–∞—è,6
–ø–∞—Å–º—É—Ä–Ω–æ –Ω–µ–±–æ–ª—å—à–æ–π –¥–æ–∂–¥—å —Ç–µ–º–ø–µ—Ä–∞—Ç—É—Ä–∞ –¥–∞–≤–ª–µ–Ω–∏–µ–≤–µ—Ç–µ—Ä —Å–µ–≤–µ—Ä–Ω—ã–π,–ù–µ–π—Ç—Ä–∞–ª—å–Ω–∞—è,6
–ø–∞—Å–º—É—Ä–Ω–æ –Ω–µ–±–æ–ª—å—à–æ–π –¥–æ–∂–¥—å —Ç–µ–º–ø–µ—Ä–∞—Ç—É—Ä–∞ –¥–∞–≤–ª–µ–Ω–∏–µ–≤–µ—Ç–µ—Ä —Å–µ–≤–µ—Ä–Ω—ã–π,–ù–µ–π—Ç—Ä–∞–ª—å–Ω–∞—è,6
–ø–∞—Å–º—É—Ä–Ω–æ –æ—Å–∞–¥–∫–∏ —Ç–µ–º–ø–µ—Ä–∞—Ç—É—Ä–∞ –¥–∞–≤–ª–µ–Ω–∏–µ–≤–µ—Ç–µ—Ä —Å–µ–≤–µ—Ä–Ω—ã–π,–ù–µ–π—Ç—Ä–∞–ª—å–Ω–∞—è,6
–ø–∞—Å–º—É—Ä–Ω–æ –æ—Å–∞–¥–∫–∏ —Ç–µ–º–ø–µ—Ä–∞—Ç—É—Ä–∞ –¥–∞–≤–ª–µ–Ω–∏–µ–≤–µ—Ç–µ—Ä —Å–µ–≤–µ—Ä–Ω—ã–π,–ù–µ–π—Ç—Ä–∞–ª—å–Ω–∞—è,6
–ø–∞—Å–º—É—Ä–Ω–æ –æ—Å–∞–¥–∫–∏ —Ç–µ–º–ø–µ—Ä–∞—Ç—É—Ä–∞ –¥–∞–≤–ª–µ–Ω–∏–µ–≤–µ—Ç–µ—Ä —Å–µ–≤–µ—Ä–Ω—ã–π,–ù–µ–π—Ç—Ä–∞–ª—å–Ω–∞—è,6
–ø–∞—Å–º—É—Ä–Ω–æ –æ—Å–∞–¥–∫–∏ —Ç–µ–º–ø–µ—Ä–∞—Ç—É—Ä–∞ –¥–∞–≤–ª–µ–Ω–∏–µ–≤–µ—Ç–µ—Ä —Å–µ–≤–µ—Ä–Ω—ã–π,–ù–µ–π—Ç—Ä–∞–ª—å–Ω–∞—è,6
–ø–∞—Å–º—É—Ä–Ω–æ –æ—Å–∞–¥–∫–∏ —Ç–µ–º–ø–µ—Ä–∞—Ç—É—Ä–∞ –¥–∞–≤–ª–µ–Ω–∏–µ–≤–µ—Ç–µ—Ä —Å–µ–≤–µ—Ä–Ω—ã–π,–ù–µ–π—Ç—Ä–∞–ª—å–Ω–∞—è,6
–º–∞–ª–æ–æ–±–ª–∞—á–Ω—ã–π –æ—Å–∞–¥–∫–∏ —Ç–µ–º–ø–µ—Ä–∞—Ç—É—Ä–∞ –¥–∞–≤–ª–µ–Ω–∏–µ–≤–µ—Ç–µ—Ä —Å–µ–≤–µ—Ä–Ω—ã–π,–ù–µ–π—Ç—Ä–∞–ª—å–Ω–∞—è,6
–º–∞–ª–æ–æ–±–ª–∞—á–Ω—ã–π –æ—Å–∞–¥–∫–∏ —Ç–µ–º–ø–µ—Ä–∞—Ç—É—Ä–∞ –¥–∞–≤–ª–µ–Ω–∏–µ–≤–µ—Ç–µ—Ä —Å–µ–≤–µ—Ä–Ω—ã–π,–ù–µ–π—Ç—Ä–∞–ª—å–Ω–∞—è,6
–ø–∞—Å–º—É—Ä–Ω–æ –æ—Å–∞–¥–∫–∏ —Ç–µ–º–ø–µ—Ä–∞—Ç—É—Ä–∞ –¥–∞–≤–ª–µ–Ω–∏–µ–≤–µ—Ç–µ—Ä —Å–µ–≤–µ—Ä–æ–∑–∞–ø–∞–¥–Ω—ã–π,–ù–µ–π—Ç—Ä–∞–ª—å–Ω–∞—è,6
–º–∞–ª–æ–æ–±–ª–∞—á–Ω—ã–π –æ—Å–∞–¥–∫–∏ —Ç–µ–º–ø–µ—Ä–∞—Ç—É—Ä–∞ –¥–∞–≤–ª–µ–Ω–∏–µ–≤–µ—Ç–µ—Ä –∑–∞–ø–∞–¥–Ω—ã–π,–ù–µ–π—Ç—Ä–∞–ª—å–Ω–∞—è,6
–º–∞–ª–æ–æ–±–ª–∞—á–Ω—ã–π –æ—Å–∞–¥–∫–∏ —Ç–µ–º–ø–µ—Ä–∞—Ç—É—Ä–∞ –¥–∞–≤–ª–µ–Ω–∏–µ–≤–µ—Ç–µ—Ä —é–∂–Ω—ã–π,–ù–µ–π—Ç—Ä–∞–ª—å–Ω–∞—è,6
–æ–±–ª–∞—á–Ω–æ –æ—Å–∞–¥–∫–∏ —Ç–µ–º–ø–µ—Ä–∞—Ç—É—Ä–∞ –¥–∞–≤–ª–µ–Ω–∏–µ–≤–µ—Ç–µ—Ä —é–≥–æ–≤–æ—Å—Ç–æ—á–Ω—ã–π,–ù–µ–π—Ç—Ä–∞–ª—å–Ω–∞—è,6
—è—Å–Ω–æ –æ—Å–∞–¥–∫–∏ —Ç–µ–º–ø–µ—Ä–∞—Ç—É—Ä–∞ –¥–∞–≤–ª–µ–Ω–∏–µ–≤–µ—Ç–µ—Ä —é–≥–æ–≤–æ—Å—Ç–æ—á–Ω—ã–π,–ù–µ–π—Ç—Ä–∞–ª—å–Ω–∞—è,6
–æ–±–ª–∞—á–Ω–æ –æ—Å–∞–¥–∫–∏ —Ç–µ–º–ø–µ—Ä–∞—Ç—É—Ä–∞ –¥–∞–≤–ª–µ–Ω–∏–µ–≤–µ—Ç–µ—Ä —é–∂–Ω—ã–π,–ù–µ–π—Ç—Ä–∞–ª—å–Ω–∞—è,6
—è—Å–Ω–æ –æ—Å–∞–¥–∫–∏ —Ç–µ–º–ø–µ—Ä–∞—Ç—É—Ä–∞ –¥–∞–≤–ª–µ–Ω–∏–µ–≤–µ—Ç–µ—Ä —é–≥–æ–≤–æ—Å—Ç–æ—á–Ω—ã–π,–ù–µ–π—Ç—Ä–∞–ª—å–Ω–∞—è,6
–ø–∞—Å–º—É—Ä–Ω–æ –æ—Å–∞–¥–∫–∏ —Ç–µ–º–ø–µ—Ä–∞—Ç—É—Ä–∞ –¥–∞–≤–ª–µ–Ω–∏–µ–≤–µ—Ç–µ—Ä —é–≥–æ–≤–æ—Å—Ç–æ—á–Ω—ã–π,–ù–µ–π—Ç—Ä–∞–ª—å–Ω–∞—è,6
–ø–∞—Å–º—É—Ä–Ω–æ –æ—Å–∞–¥–∫–∏ —Ç–µ–º–ø–µ—Ä–∞—Ç—É—Ä–∞ –¥–∞–≤–ª–µ–Ω–∏–µ–≤–µ—Ç–µ—Ä —é–∂–Ω—ã–π,–ù–µ–π—Ç—Ä–∞–ª—å–Ω–∞—è,6
–ø–∞—Å–º—É—Ä–Ω–æ –Ω–µ–±–æ–ª—å—à–æ–π –¥–æ–∂–¥—å —Ç–µ–º–ø–µ—Ä–∞—Ç—É—Ä–∞ –¥–∞–≤–ª–µ–Ω–∏–µ–≤–µ—Ç–µ—Ä —é–≥–æ–≤–æ—Å—Ç–æ—á–Ω—ã–π,–ù–µ–π—Ç—Ä–∞–ª—å–Ω–∞—è,6
–¥—Ä–∞—Ç—É—Ç—å,–ù–µ–π—Ç—Ä–∞–ª—å–Ω–∞—è,6
–∫—É,–ù–µ–π—Ç—Ä–∞–ª—å–Ω–∞—è,6
‚úã,–ù–µ–π—Ç—Ä–∞–ª—å–Ω–∞—è,6
–ø—Ä–∏—Ñ–æ–∫,–ù–µ–π—Ç—Ä–∞–ª—å–Ω–∞—è,6
—Ö–∞–π,–ù–µ–π—Ç—Ä–∞–ª—å–Ω–∞—è,6
–ø—Ä–∏–µ—Ç,–ù–µ–π—Ç—Ä–∞–ª—å–Ω–∞—è,6
–¥—Ä–∞—Ç—É—Ç—å,–ù–µ–π—Ç—Ä–∞–ª—å–Ω–∞—è,6
–∫—É,–ù–µ–π—Ç—Ä–∞–ª—å–Ω–∞—è,6
—Ö–∞–π,–ù–µ–π—Ç—Ä–∞–ª—å–Ω–∞—è,6
—Ö–∞–π,–ù–µ–π—Ç—Ä–∞–ª—å–Ω–∞—è,6
—Ö–∞–π,–ù–µ–π—Ç—Ä–∞–ª—å–Ω–∞—è,6
—Ö–∞–π,–ù–µ–π—Ç—Ä–∞–ª—å–Ω–∞—è,6
—Ö–∞–π,–ù–µ–π—Ç—Ä–∞–ª—å–Ω–∞—è,6
—Ö–∞–π,–ù–µ–π—Ç—Ä–∞–ª—å–Ω–∞—è,6
–ø—Ä–∏–µ—Ç,–ù–µ–π—Ç—Ä–∞–ª—å–Ω–∞—è,6
–ø—Ä–∏–≤–µ—Ç—Å—Ç–≤–∏–µ,–ù–µ–π—Ç—Ä–∞–ª—å–Ω–∞—è,6
üôã,–ù–µ–π—Ç—Ä–∞–ª—å–Ω–∞—è,6
–ø—Ä–∏–≤–µ—Ç,–ù–µ–π—Ç—Ä–∞–ª—å–Ω–∞—è,6
–∫–æ–ª–ª–µ–≥–∞ –¥–æ–±—Ä—ã–π –¥–µ–Ω—å,–ù–µ–π—Ç—Ä–∞–ª—å–Ω–∞—è,6
–¥–æ–±—Ä—ã–π –≤–µ—á–µ—Ä,–ù–µ–π—Ç—Ä–∞–ª—å–Ω–∞—è,6
–¥–æ–±—Ä–æ –ø–æ–∂–∞–ª–æ–≤–∞—Ç—å,–ù–µ–π—Ç—Ä–∞–ª—å–Ω–∞—è,6
—Å–ª–∞–≤–∞ —É—Ö–∞–Ω—å,–ù–µ–π—Ç—Ä–∞–ª—å–Ω–∞—è,6
–¥—Ä–∞—Ç—É—Ç—å,–ù–µ–π—Ç—Ä–∞–ª—å–Ω–∞—è,6
–∫—É,–ù–µ–π—Ç—Ä–∞–ª—å–Ω–∞—è,6
–ø—Ä–∏—Ñ–æ–∫,–ù–µ–π—Ç—Ä–∞–ª—å–Ω–∞—è,6
–ø—Ä–∏—Ñ–æ–∫,–ù–µ–π—Ç—Ä–∞–ª—å–Ω–∞—è,6
–ø—Ä–∏—Ñ–æ–∫,–ù–µ–π—Ç—Ä–∞–ª—å–Ω–∞—è,6
–ø—Ä–∏—Ñ–æ–∫,–ù–µ–π—Ç—Ä–∞–ª—å–Ω–∞—è,6
–ø—Ä–∏—Ñ–æ–∫,–ù–µ–π—Ç—Ä–∞–ª—å–Ω–∞—è,6
—Ö–∞–π,–ù–µ–π—Ç—Ä–∞–ª—å–Ω–∞—è,6
–ø—Ä–∏–µ—Ç,–ù–µ–π—Ç—Ä–∞–ª—å–Ω–∞—è,6
–¥—Ä–∞—Ç—É—Ç—å,–ù–µ–π—Ç—Ä–∞–ª—å–Ω–∞—è,6
–∫—É,–ù–µ–π—Ç—Ä–∞–ª—å–Ω–∞—è,6
–ø—Ä–∏–≤–µ—Ç,–ù–µ–π—Ç—Ä–∞–ª—å–Ω–∞—è,6
–ø—Ä–∏–≤–µ—Ç,–ù–µ–π—Ç—Ä–∞–ª—å–Ω–∞—è,6
–ø—Ä–∏–≤–µ—Ç,–ù–µ–π—Ç—Ä–∞–ª—å–Ω–∞—è,6
‚úã,–ù–µ–π—Ç—Ä–∞–ª—å–Ω–∞—è,6
–ø—Ä–∏—Ñ–æ–∫,–ù–µ–π—Ç—Ä–∞–ª—å–Ω–∞—è,6
—Ö–∞–π,–ù–µ–π—Ç—Ä–∞–ª—å–Ω–∞—è,6
–ø—Ä–∏–µ—Ç,–ù–µ–π—Ç—Ä–∞–ª—å–Ω–∞—è,6
–¥—Ä–∞—Ç—É—Ç—å,–ù–µ–π—Ç—Ä–∞–ª—å–Ω–∞—è,6
–∫—É,–ù–µ–π—Ç—Ä–∞–ª—å–Ω–∞—è,6
–ø—Ä–∏–≤–µ—Ç,–ù–µ–π—Ç—Ä–∞–ª—å–Ω–∞—è,6
–ø—Ä–∏–≤–µ—Ç,–ù–µ–π—Ç—Ä–∞–ª—å–Ω–∞—è,6
–ø—Ä–∏–≤–µ—Ç,–ù–µ–π—Ç—Ä–∞–ª—å–Ω–∞—è,6
–ø—Ä–∏–≤–µ—Ç,–ù–µ–π—Ç—Ä–∞–ª—å–Ω–∞—è,6
–ø—Ä–∏—Ñ–æ–∫,–ù–µ–π—Ç—Ä–∞–ª—å–Ω–∞—è,6
—Ö–∞–π,–ù–µ–π—Ç—Ä–∞–ª—å–Ω–∞—è,6
–ø—Ä–∏–µ—Ç,–ù–µ–π—Ç—Ä–∞–ª—å–Ω–∞—è,6
–ø—Ä–∏–µ—Ç,–ù–µ–π—Ç—Ä–∞–ª—å–Ω–∞—è,6
–ø—Ä–∏–µ—Ç,–ù–µ–π—Ç—Ä–∞–ª—å–Ω–∞—è,6
–ø—Ä–∏–µ—Ç,–ù–µ–π—Ç—Ä–∞–ª—å–Ω–∞—è,6
–ø—Ä–∏–µ—Ç,–ù–µ–π—Ç—Ä–∞–ª—å–Ω–∞—è,6
–ø—Ä–∏–µ—Ç,–ù–µ–π—Ç—Ä–∞–ª—å–Ω–∞—è,6
‚úã,–ù–µ–π—Ç—Ä–∞–ª—å–Ω–∞—è,6
–ø—Ä–∏—Ñ–æ–∫,–ù–µ–π—Ç—Ä–∞–ª—å–Ω–∞—è,6
—Ö–∞–π,–ù–µ–π—Ç—Ä–∞–ª—å–Ω–∞—è,6
–ø—Ä–∏–µ—Ç,–ù–µ–π—Ç—Ä–∞–ª—å–Ω–∞—è,6
–ø—Ä–∏–µ—Ç,–ù–µ–π—Ç—Ä–∞–ª—å–Ω–∞—è,6
–ø—Ä–∏–µ—Ç,–ù–µ–π—Ç—Ä–∞–ª—å–Ω–∞—è,6
–ø—Ä–∏–µ—Ç,–ù–µ–π—Ç—Ä–∞–ª—å–Ω–∞—è,6
–ø—Ä–∏–µ—Ç,–ù–µ–π—Ç—Ä–∞–ª—å–Ω–∞—è,6
‚úã,–ù–µ–π—Ç—Ä–∞–ª—å–Ω–∞—è,6
‚úã,–ù–µ–π—Ç—Ä–∞–ª—å–Ω–∞—è,6
–ø—Ä–∏—Ñ–æ–∫,–ù–µ–π—Ç—Ä–∞–ª—å–Ω–∞—è,6
—Ö–∞–π,–ù–µ–π—Ç—Ä–∞–ª—å–Ω–∞—è,6
–ø—Ä–∏–µ—Ç,–ù–µ–π—Ç—Ä–∞–ª—å–Ω–∞—è,6
—Ö–∞–π,–ù–µ–π—Ç—Ä–∞–ª—å–Ω–∞—è,6
–ø—Ä–∏–µ—Ç,–ù–µ–π—Ç—Ä–∞–ª—å–Ω–∞—è,6
–¥—Ä–∞—Ç—É—Ç—å,–ù–µ–π—Ç—Ä–∞–ª—å–Ω–∞—è,6
–∫—É,–ù–µ–π—Ç—Ä–∞–ª—å–Ω–∞—è,6
–ø—Ä–∏–≤–µ—Ç,–ù–µ–π—Ç—Ä–∞–ª—å–Ω–∞—è,6
–∫—É,–ù–µ–π—Ç—Ä–∞–ª—å–Ω–∞—è,6
–ø—Ä–∏–≤–µ—Ç,–ù–µ–π—Ç—Ä–∞–ª—å–Ω–∞—è,6
–ø—Ä–∏–≤–µ—Ç,–ù–µ–π—Ç—Ä–∞–ª—å–Ω–∞—è,6
–ø—Ä–∏–≤–µ—Ç,–ù–µ–π—Ç—Ä–∞–ª—å–Ω–∞—è,6
‚úã,–ù–µ–π—Ç—Ä–∞–ª—å–Ω–∞—è,6
–ø—Ä–∏—Ñ–æ–∫,–ù–µ–π—Ç—Ä–∞–ª—å–Ω–∞—è,6
—Ö–∞–π,–ù–µ–π—Ç—Ä–∞–ª—å–Ω–∞—è,6
–ø—Ä–∏–µ—Ç,–ù–µ–π—Ç—Ä–∞–ª—å–Ω–∞—è,6
–¥—Ä–∞—Ç—É—Ç—å,–ù–µ–π—Ç—Ä–∞–ª—å–Ω–∞—è,6
–∫—É,–ù–µ–π—Ç—Ä–∞–ª—å–Ω–∞—è,6
–ø—Ä–∏–≤–µ—Ç,–ù–µ–π—Ç—Ä–∞–ª—å–Ω–∞—è,6
–ø—Ä–∏–≤–µ—Ç,–ù–µ–π—Ç—Ä–∞–ª—å–Ω–∞—è,6
–ø—Ä–∏–≤–µ—Ç,–ù–µ–π—Ç—Ä–∞–ª—å–Ω–∞—è,6
‚úã,–ù–µ–π—Ç—Ä–∞–ª—å–Ω–∞—è,6
–ø—Ä–∏—Ñ–æ–∫,–ù–µ–π—Ç—Ä–∞–ª—å–Ω–∞—è,6
—Ö–∞–π,–ù–µ–π—Ç—Ä–∞–ª—å–Ω–∞—è,6
–ø—Ä–∏–µ—Ç,–ù–µ–π—Ç—Ä–∞–ª—å–Ω–∞—è,6
–ø—Ä–∏–≤–µ—Ç—Å—Ç–≤–∏–µ,–ù–µ–π—Ç—Ä–∞–ª—å–Ω–∞—è,6
üôã,–ù–µ–π—Ç—Ä–∞–ª—å–Ω–∞—è,6
–ø—Ä–∏–≤–µ—Ç,–ù–µ–π—Ç—Ä–∞–ª—å–Ω–∞—è,6
–∫–æ–ª–ª–µ–≥–∞ –¥–æ–±—Ä—ã–π –¥–µ–Ω—å,–ù–µ–π—Ç—Ä–∞–ª—å–Ω–∞—è,6
–¥–æ–±—Ä—ã–π –≤–µ—á–µ—Ä,–ù–µ–π—Ç—Ä–∞–ª—å–Ω–∞—è,6
–¥–æ–±—Ä–æ –ø–æ–∂–∞–ª–æ–≤–∞—Ç—å,–ù–µ–π—Ç—Ä–∞–ª—å–Ω–∞—è,6
—Å–ª–∞–≤–∞ —É—Ö–∞–Ω—å,–ù–µ–π—Ç—Ä–∞–ª—å–Ω–∞—è,6
üôã ‚Äç ‚ôÄ Ô∏è,–ù–µ–π—Ç—Ä–∞–ª—å–Ω–∞—è,6
üôã,–ù–µ–π—Ç—Ä–∞–ª—å–Ω–∞—è,6
üëã sticker,–ù–µ–π—Ç—Ä–∞–ª—å–Ω–∞—è,6
–ø—Ä–∏–≤–µ—Ç –≤–µ—Å—å,–ù–µ–π—Ç—Ä–∞–ª—å–Ω–∞—è,6
–¥—Ä–∞—Ç—É—Ç—å,–ù–µ–π—Ç—Ä–∞–ª—å–Ω–∞—è,6
–∫—É,–ù–µ–π—Ç—Ä–∞–ª—å–Ω–∞—è,6
–ø—Ä–∏–≤–µ—Ç,–ù–µ–π—Ç—Ä–∞–ª—å–Ω–∞—è,6
–ø—Ä–∏–≤–µ—Ç,–ù–µ–π—Ç—Ä–∞–ª—å–Ω–∞—è,6
–ø—Ä–∏–≤–µ—Ç,–ù–µ–π—Ç—Ä–∞–ª—å–Ω–∞—è,6