text,agenda,question
пасмурно небольшой снег температура давлениеветер западный м nov,Погода,0
пасмурно осадки температура давлениеветер западный м nov,Погода,0
пасмурно небольшой снег температура давлениеветер северный,Погода,0
пасмурно небольшой снег температура давлениеветер северовосточный,Погода,0
пасмурно небольшой снег температура давлениеветер северовосточный,Погода,0
пасмурно небольшой снег температура давлениеветер северовосточный,Погода,0
пасмурно небольшой снег температура давлениеветер северовосточный,Погода,0
пасмурно небольшой снег температура давлениеветер восточный,Погода,0
пасмурно небольшой снег температура давлениеветер восточный,Погода,0
ясно осадки температура давлениеветер юговосточный,Погода,0
ясно осадки температура давлениеветер юговосточный,Погода,0
ясно осадки температура давлениеветер юговосточный,Погода,0
ясно осадки температура давлениеветер южный,Погода,0
ясно осадки температура давлениеветер южный,Погода,0
облачно осадки температура давлениеветер южный,Погода,0
малооблачный осадки температура давлениеветер южный,Погода,0
пасмурно осадки температура давлениеветер южный,Погода,0
пасмурно осадки температура давлениеветер южный,Погода,0
малооблачный осадки температура давлениеветер южный,Погода,0
малооблачный осадки температура давлениеветер южный,Погода,0
малооблачный осадки температура давлениеветер южный,Погода,0
малооблачный осадки температура давлениеветер юговосточный,Погода,0
малооблачный осадки температура давлениеветер юговосточный,Погода,0
малооблачный осадки температура давлениеветер юговосточный,Погода,0
ясно осадки температура давлениеветер юговосточный,Погода,0
ясно осадки температура давлениеветер юговосточный,Погода,0
ясно осадки температура давлениеветер юговосточный,Погода,0
ясно осадки температура давлениеветер южный,Погода,0
ясно осадки температура давлениеветер югозападный,Погода,0
ясно осадки температура давлениеветер юговосточный,Погода,0
ясно осадки температура давлениеветер восточный,Погода,0
ясно осадки температура давлениеветер восточный,Погода,0
ясно осадки температура давлениеветер восточный,Погода,0
ясно осадки температура давлениеветер северовосточный,Погода,0
ясно осадки температура давлениеветер северовосточный,Погода,0
облачно осадки температура давлениеветер северовосточный,Погода,0
малооблачный осадки температура давлениеветер северовосточный,Погода,0
облачно осадки температура давлениеветер северовосточный,Погода,0
пасмурно осадки температура давлениеветер штиль oct,Погода,0
пасмурно осадки температура давлениеветер северовосточный,Погода,0
пасмурно время ливень температура давлениеветер штиль oct,Погода,0
пасмурно осадки температура давлениеветер штиль oct,Погода,0
пасмурно время ливень температура давлениеветер северозападный,Погода,0
пасмурно осадки температура давлениеветер северозападный,Погода,0
пасмурно осадки температура давлениеветер западный,Погода,0
пасмурно осадки температура давлениеветер северозападный,Погода,0
пасмурно осадки температура давлениеветер западный,Погода,0
пасмурно небольшой дождь температура давлениеветер западный,Погода,0
пасмурно осадки температура давлениеветер западный,Погода,0
пасмурно осадки температура давлениеветер западный,Погода,0
пасмурно осадки температура давлениеветер западный,Погода,0
облачно осадки температура давлениеветер западный,Погода,0
малооблачный осадки температура давлениеветер западный,Погода,0
пасмурно осадки температура давлениеветер западный,Погода,0
пасмурно осадки температура давлениеветер северозападный,Погода,0
пасмурно осадки температура давлениеветер северный,Погода,0
пасмурно осадки температура давлениеветер северный,Погода,0
малооблачный осадки температура давлениеветер северный,Погода,0
пасмурно время ливень температура давлениеветер северный,Погода,0
пасмурно осадки температура давлениеветер северный,Погода,0
пасмурно осадки температура давлениеветер северозападный,Погода,0
пасмурно осадки температура давлениеветер северозападный,Погода,0
пасмурно небольшой дождь температура давлениеветер северозападный,Погода,0
пасмурно осадки температура давлениеветер северозападный,Погода,0
пасмурно осадки температура давлениеветер северозападный,Погода,0
пасмурно осадки температура давлениеветер западный,Погода,0
пасмурно осадки температура давлениеветер западный,Погода,0
пасмурно осадки температура давлениеветер западный,Погода,0
пасмурно осадки температура давлениеветер северозападный,Погода,0
пасмурно осадки температура давлениеветер северозападный,Погода,0
пасмурно осадки температура давлениеветер северный,Погода,0
пасмурно осадки температура давлениеветер северный,Погода,0
пасмурно осадки температура давлениеветер северный,Погода,0
пасмурно осадки температура давлениеветер северный,Погода,0
пасмурно осадки температура давлениеветер северовосточный,Погода,0
пасмурно осадки температура давлениеветер северовосточный,Погода,0
пасмурно осадки температура давлениеветер северовосточный,Погода,0
ясно осадки температура давлениеветер северовосточный,Погода,0
малооблачный осадки температура давлениеветер северовосточный,Погода,0
ясно осадки температура давлениеветер северовосточный,Погода,0
пасмурно осадки температура давлениеветер северовосточный,Погода,0
пасмурно осадки температура давлениеветер северовосточный,Погода,0
пасмурно небольшой дождь температура давлениеветер северо восточный oct,Погода,0
пасмурно небольшой дождь температура давлениеветер северовосточный oct,Погода,0
пасмурно небольшой дождь температура давлениеветер северо восточный oct,Погода,0
пасмурно небольшой дождь температура давлениеветер северовосточный oct,Погода,0
пасмурно небольшой дождь температура давлениеветер восточный,Погода,0
пасмурно небольшой дождь температура давлениеветер восточный,Погода,0
пасмурно осадки температура давлениеветер восточный,Погода,0
пасмурно осадки температура давлениеветер восточный,Погода,0
пасмурно осадки температура давлениеветер северовосточный,Погода,0
пасмурно осадки температура давлениеветер северовосточный,Погода,0
пасмурно осадки температура давлениеветер северовосточный,Погода,0
облачно осадки температура давлениеветер северовосточный,Погода,0
пасмурно время ливень температура давлениеветер юговосточный,Погода,0
облачно осадки температура давлениеветер югозападный,Погода,0
пасмурно осадки температура давлениеветер южный,Погода,0
пасмурно осадки температура давлениеветер южный,Погода,0
пасмурно осадки температура давлениеветер южный,Погода,0
пасмурно осадки температура давлениеветер югозападный,Погода,0
пасмурно дождь температура давлениеветер южный,Погода,0
облачно осадки температура давлениеветер юговосточный,Погода,0
малооблачный осадки температура давлениеветер юговосточный,Погода,0
малооблачный осадки температура давлениеветер югозападный,Погода,0
облачно осадки температура давлениеветер югозападный,Погода,0
облачно осадки температура давлениеветер югозападный,Погода,0
ясно осадки температура давлениеветер югозападный,Погода,0
облачно осадки температура давлениеветер западный,Погода,0
малооблачный осадки температура давлениеветер югозападный,Погода,0
пасмурно дождь температура давлениеветер югозападный,Погода,0
пасмурно дождь температура давлениеветер южный,Погода,0
пасмурно небольшой дождь температура давлениеветер южный,Погода,0
ясно осадки температура давлениеветер южный,Погода,0
ясно осадки температура давлениеветер южный,Погода,0
ясно осадки температура давлениеветер западный,Погода,0
ясно осадки температура давлениеветер северозападный,Погода,0
малооблачный осадки температура давлениеветер северозападный,Погода,0
пасмурно осадки температура давлениеветер северозападный,Погода,0
пасмурно осадки температура давлениеветер северный,Погода,0
пасмурно небольшой дождь температура давлениеветер северный,Погода,0
пасмурно небольшой дождь температура давлениеветер северный,Погода,0
облачно осадки температура давлениеветер северный,Погода,0
пасмурно осадки температура давлениеветер северный,Погода,0
пасмурно осадки температура давлениеветер северный,Погода,0
пасмурно дождь температура давлениеветер северный,Погода,0
пасмурно небольшой дождь температура давлениеветер северный,Погода,0
пасмурно небольшой дождь температура давлениеветер северный,Погода,0
пасмурно осадки температура давлениеветер северный,Погода,0
пасмурно осадки температура давлениеветер северный,Погода,0
пасмурно осадки температура давлениеветер северный,Погода,0
пасмурно осадки температура давлениеветер северный,Погода,0
пасмурно осадки температура давлениеветер северный,Погода,0
малооблачный осадки температура давлениеветер северный,Погода,0
малооблачный осадки температура давлениеветер северный,Погода,0
пасмурно осадки температура давлениеветер северозападный,Погода,0
малооблачный осадки температура давлениеветер западный,Погода,0
малооблачный осадки температура давлениеветер южный,Погода,0
облачно осадки температура давлениеветер юговосточный,Погода,0
ясно осадки температура давлениеветер юговосточный,Погода,0
облачно осадки температура давлениеветер южный,Погода,0
ясно осадки температура давлениеветер юговосточный,Погода,0
пасмурно осадки температура давлениеветер юговосточный,Погода,0
пасмурно осадки температура давлениеветер южный,Погода,0
пасмурно небольшой дождь температура давлениеветер юговосточный,Погода,0