text,agenda,thanks
большой спасибо большой любовь,Благодарность,1
представлять насколько это помогать,Благодарность,1
благодарный сделать,Благодарность,1
сердечный спасибо сделать,Благодарность,1
сделать день,Благодарность,1
очень признательный ваш доброта,Благодарность,1
это здорово твой сторона,Благодарность,1
забывать сделать,Благодарность,1
мочь вознаграждать следовать поблагодарить,Благодарность,1
Спасибо,Благодарность,1
Спасибо,Благодарность,1
Спасибо,Благодарность,1
жизнь проживать благодарность спокойствие тихий радость,Благодарность,1
Спасибо,Благодарность,1
Спасибо,Благодарность,1
Спасибо,Благодарность,1
причина кроме благодарность радость,Благодарность,1
Спасибо,Благодарность,1
Спасибо,Благодарность,1
Спасибо,Благодарность,1
благодарность – счастие помножать чудо,Благодарность,1
Спасибо,Благодарность,1
Спасибо,Благодарность,1
Спасибо,Благодарность,1
росток бамбук помнить человек который посадить,Благодарность,1
Спасибо,Благодарность,1
Спасибо,Благодарность,1
Спасибо,Благодарность,1
жить полноценный жизнь благодарность размышлять,Благодарность,1
Спасибо,Благодарность,1
Спасибо,Благодарность,1
Спасибо,Благодарность,1
Спасибо,Благодарность,1
Спасибо,Благодарность,1
Спасибо,Благодарность,1
Спасибо,Благодарность,1
благодарность – это самый изысканный форма вежливость,Благодарность,1
Спасибо,Благодарность,1
Спасибо,Благодарность,1
Спасибо,Благодарность,1
благодарный ум – это великий ум который конечный итог привлекать великий дело,Благодарность,1
Спасибо,Благодарность,1
Спасибо,Благодарность,1
Спасибо,Благодарность,1
должный благодарный человек который пробуждать внутренний дух,Благодарность,1
Спасибо,Благодарность,1
Спасибо,Благодарность,1
Спасибо,Благодарность,1
радость делать благодарный это благодарность делать радостный,Благодарность,1